[{"model": "network.user", "pk": 1, "fields": {"password": "pbkdf2_sha256$216000$KII99Iqb6t3M$K8ggQN0a8eOLWUd6oy/AL+8aXmiSVfjH+TaXefvR/lk=", "last_login": "2020-09-15T17:33:03.920Z", "is_superuser": true, "username": "shrey", "first_name": "", "last_name": "", "email": "", "is_staff": true, "is_active": true, "date_joined": "2020-09-08T04:23:48.686Z", "groups": [], "user_permissions": []}}, {"model": "network.user", "pk": 2, "fields": {"password": "pbkdf2_sha256$216000$GEXuTJoYjSmU$i+EI8zZSve1w9AauH41SLgMG00IIepXeTcBsrIx4hgM=", "last_login": "2020-10-21T08:50:28.122Z", "is_superuser": false, "username": "test1", "first_name": "", "last_name": "", "email": "test1@test.com", "is_staff": false, "is_active": true, "date_joined": "2020-09-08T04:26:17.363Z", "groups": [], "user_permissions": []}}, {"model": "network.user", "pk": 3, "fields": {"password": "pbkdf2_sha256$216000$AHLSHCEIvCZ2$weE19FjABsC4YzENs8pkgQuVBvldL3T2BljwC6qGtzg=", "last_login": "2020-09-12T13:46:49.391Z", "is_superuser": false, "username": "test2", "first_name": "", "last_name": "", "email": "test2@test.com", "is_staff": false, "is_active": true, "date_joined": "2020-09-08T04:26:37.457Z", "groups": [], "user_permissions": []}}, {"model": "network.user", "pk": 4, "fields": {"password": "pbkdf2_sha256$216000$K9uHmxCetFex$Y1w8oxTroa7+s1N2YRMFC94wkhuWx05kFjp6wMR8KIc=", "last_login": "2020-09-16T10:44:22.579Z", "is_superuser": false, "username": "test3", "first_name": "", "last_name": "", "email": "test3@test.com", "is_staff": false, "is_active": true, "date_joined": "2020-09-08T04:27:10.867Z", "groups": [], "user_permissions": []}}, {"model": "network.user", "pk": 5, "fields": {"password": "pbkdf2_sha256$216000$hwcGFVW5lPNc$vqFa/JDR2a9mv6D2F40HDxr14z1wuF/ArKFWTsmcazY=", "last_login": "2020-09-12T14:34:36.607Z", "is_superuser": false, "username": "test4", "first_name": "", "last_name": "", "email": "test4@test.com", "is_staff": false, "is_active": true, "date_joined": "2020-09-08T04:27:44.249Z", "groups": [], "user_permissions": []}}, {"model": "network.user", "pk": 6, "fields": {"password": "pbkdf2_sha256$216000$a94ZSfFaSZZi$wbZwBHH6H1S5C5iuwYg0QIZSJEMQrQKdm27Vi1qUjX0=", "last_login": "2020-09-10T11:26:41.568Z", "is_superuser": false, "username": "test5", "first_name": "", "last_name": "", "email": "test5@test.com", "is_staff": false, "is_active": true, "date_joined": "2020-09-08T05:15:38.819Z", "groups": [], "user_permissions": []}}, {"model": "network.user", "pk": 7, "fields": {"password": "pbkdf2_sha256$216000$bJg6uCY5vCyj$xHrkHZ7qaU/m13kdFpF2mRKxZEybcFhqtl5shAbTjSs=", "last_login": "2020-09-10T11:42:10.801Z", "is_superuser": false, "username": "test6", "first_name": "", "last_name": "", "email": "test6@test.com", "is_staff": false, "is_active": true, "date_joined": "2020-09-08T05:19:34.850Z", "groups": [], "user_permissions": []}}, {"model": "network.user", "pk": 8, "fields": {"password": "pbkdf2_sha256$216000$fwnbAsRG71Cd$L/gcJa0QF9Qc+xpSiUhm76yu7WYTo5zhEsKedNL7YSQ=", "last_login": "2020-09-15T18:28:56.750Z", "is_superuser": false, "username": "test7", "first_name": "", "last_name": "", "email": "test7@test.com", "is_staff": false, "is_active": true, "date_joined": "2020-09-08T05:22:43.803Z", "groups": [], "user_permissions": []}}, {"model": "network.user", "pk": 9, "fields": {"password": "pbkdf2_sha256$216000$cuaPKt7Kcflz$qYdlVw24ix8b8R97A2rhI+0fUbE0LZkspVHjq7234H4=", "last_login": "2020-09-12T15:22:41.238Z", "is_superuser": false, "username": "test8", "first_name": "", "last_name": "", "email": "test8@test.com", "is_staff": false, "is_active": true, "date_joined": "2020-09-08T05:24:11.835Z", "groups": [], "user_permissions": []}}, {"model": "network.user", "pk": 10, "fields": {"password": "pbkdf2_sha256$216000$8xP74OYrf9M4$zJMJfjw2pjt9OVJsQ+6fIRtaRvZpj3xX4lxXOE8cSio=", "last_login": null, "is_superuser": false, "username": "random", "first_name": "", "last_name": "", "email": "random@rtyik.com", "is_staff": false, "is_active": true, "date_joined": "2020-09-08T05:26:06.445Z", "groups": [], "user_permissions": []}}, {"model": "network.user", "pk": 11, "fields": {"password": "pbkdf2_sha256$216000$bV1jz8PNPKzX$wlQcdJ0mTiFKtb5Sooiv6u32sgfw+n7xCj7MvBGdvws=", "last_login": "2020-09-12T12:11:36.693Z", "is_superuser": false, "username": "check", "first_name": "", "last_name": "", "email": "check@check.com", "is_staff": false, "is_active": true, "date_joined": "2020-09-08T05:31:51.286Z", "groups": [], "user_permissions": []}}, {"model": "network.tweet", "pk": 1, "fields": {"user": 3, "content": "test2 first post!!", "timestamp": "2020-09-08T04:26:46.877Z", "likes": [4]}}, {"model": "network.tweet", "pk": 2, "fields": {"user": 4, "content": "hi i am test3!!!", "timestamp": "2020-09-08T04:27:23.040Z", "likes": []}}, {"model": "network.tweet", "pk": 3, "fields": {"user": 5, "content": "i am test4!!!?!?!?!\nYay!!!", "timestamp": "2020-09-08T04:27:51.891Z", "likes": []}}, {"model": "network.tweet", "pk": 4, "fields": {"user": 5, "content": "hi i am test4 yoyo xoxo", "timestamp": "2020-09-08T04:36:43.877Z", "likes": []}}, {"model": "network.tweet", "pk": 5, "fields": {"user": 5, "content": "test4 is great as f!!\n  ", "timestamp": "2020-09-08T04:36:49.955Z", "likes": []}}, {"model": "network.tweet", "pk": 6, "fields": {"user": 5, "content": "this is working!!!", "timestamp": "2020-09-08T04:36:56.070Z", "likes": [4]}}, {"model": "network.tweet", "pk": 7, "fields": {"user": 4, "content": "test3 is also really really good!!!!!", "timestamp": "2020-09-08T04:37:19.604Z", "likes": []}}, {"model": "network.tweet", "pk": 8, "fields": {"user": 4, "content": "i amhero", "timestamp": "2020-09-08T04:37:27.641Z", "likes": []}}, {"model": "network.tweet", "pk": 9, "fields": {"user": 4, "content": "i am a super hero!!", "timestamp": "2020-09-08T04:37:35.637Z", "likes": [3]}}, {"model": "network.tweet", "pk": 10, "fields": {"user": 3, "content": "test2 is bril!!", "timestamp": "2020-09-08T04:37:58.617Z", "likes": [4]}}, {"model": "network.tweet", "pk": 11, "fields": {"user": 3, "content": "good morning", "timestamp": "2020-09-08T04:38:07.511Z", "likes": [11]}}, {"model": "network.tweet", "pk": 12, "fields": {"user": 3, "content": "i am a Hero", "timestamp": "2020-09-08T04:38:12.641Z", "likes": [9]}}, {"model": "network.tweet", "pk": 13, "fields": {"user": 2, "content": "tghis is terst1", "timestamp": "2020-09-08T04:38:33.197Z", "likes": [4]}}, {"model": "network.tweet", "pk": 14, "fields": {"user": 2, "content": "writing errors!!", "timestamp": "2020-09-08T04:38:39.616Z", "likes": [4]}}, {"model": "network.tweet", "pk": 15, "fields": {"user": 11, "content": "this is check", "timestamp": "2020-09-08T05:34:13.275Z", "likes": []}}, {"model": "network.tweet", "pk": 16, "fields": {"user": 11, "content": "check is good", "timestamp": "2020-09-08T05:34:21.320Z", "likes": []}}, {"model": "network.tweet", "pk": 17, "fields": {"user": 11, "content": "hi there", "timestamp": "2020-09-08T06:20:05.982Z", "likes": [8]}}, {"model": "network.tweet", "pk": 18, "fields": {"user": 8, "content": "hi everyone!!", "timestamp": "2020-09-09T05:18:50.081Z", "likes": [11]}}, {"model": "network.tweet", "pk": 19, "fields": {"user": 8, "content": "hekllo all!!!", "timestamp": "2020-09-09T05:19:06.130Z", "likes": [11]}}, {"model": "network.tweet", "pk": 20, "fields": {"user": 8, "content": "hello evertyone!!!", "timestamp": "2020-09-10T04:50:59.009Z", "likes": [11]}}, {"model": "network.tweet", "pk": 21, "fields": {"user": 7, "content": "hi ", "timestamp": "2020-09-10T04:51:16.058Z", "likes": [8]}}, {"model": "network.tweet", "pk": 22, "fields": {"user": 7, "content": "ebebhjasdflc", "timestamp": "2020-09-10T04:51:20.595Z", "likes": [11]}}, {"model": "network.tweet", "pk": 23, "fields": {"user": 7, "content": "gi", "timestamp": "2020-09-10T04:51:57.289Z", "likes": [4, 11]}}, {"model": "network.tweet", "pk": 24, "fields": {"user": 7, "content": "this", "timestamp": "2020-09-10T04:52:00.431Z", "likes": [1, 4, 11]}}, {"model": "network.tweet", "pk": 25, "fields": {"user": 7, "content": "ids", "timestamp": "2020-09-10T04:52:03.258Z", "likes": [4]}}, {"model": "network.tweet", "pk": 26, "fields": {"user": 7, "content": "saeriudvtl", "timestamp": "2020-09-10T04:52:06.675Z", "likes": [2, 4]}}, {"model": "network.tweet", "pk": 27, "fields": {"user": 7, "content": "just", "timestamp": "2020-09-10T04:52:09.870Z", "likes": [4]}}, {"model": "network.tweet", "pk": 28, "fields": {"user": 7, "content": "randomlyu", "timestamp": "2020-09-10T04:52:13.859Z", "likes": [1, 4]}}, {"model": "network.tweet", "pk": 29, "fields": {"user": 7, "content": "hitting", "timestamp": "2020-09-10T04:52:17.259Z", "likes": [1, 4, 8]}}, {"model": "network.tweet", "pk": 30, "fields": {"user": 9, "content": "at ", "timestamp": "2020-09-10T04:52:46.161Z", "likes": [1, 11]}}, {"model": "network.tweet", "pk": 31, "fields": {"user": 9, "content": "my", "timestamp": "2020-09-10T04:52:49.209Z", "likes": [4, 11]}}, {"model": "network.tweet", "pk": 32, "fields": {"user": 9, "content": "keyboard", "timestamp": "2020-09-10T04:52:53.861Z", "likes": [1, 8]}}, {"model": "network.tweet", "pk": 33, "fields": {"user": 6, "content": "hiya i am test5", "timestamp": "2020-09-10T11:27:04.940Z", "likes": [8]}}, {"model": "network.tweet", "pk": 34, "fields": {"user": 1, "content": "this is the admin and don't mess with me", "timestamp": "2020-09-12T09:41:10.904Z", "likes": [8]}}, {"model": "network.tweet", "pk": 35, "fields": {"user": 2, "content": "Hello everyone!!!", "timestamp": "2020-09-12T13:17:39.008Z", "likes": [3, 4]}}, {"model": "network.tweet", "pk": 38, "fields": {"user": 1, "content": "hi there everyone!!!", "timestamp": "2020-09-12T14:13:20.108Z", "likes": [2, 4, 8]}}, {"model": "network.tweet", "pk": 39, "fields": {"user": 8, "content": "hello everyone, I am edge!!!!", "timestamp": "2020-09-12T15:22:03.392Z", "likes": [4]}}, {"model": "network.tweet", "pk": 40, "fields": {"user": 1, "content": "HI...", "timestamp": "2020-09-12T15:25:10.572Z", "likes": [2, 4]}}, {"model": "network.tweet", "pk": 41, "fields": {"user": 1, "content": "Hi developers!!!", "timestamp": "2020-09-13T05:54:11.346Z", "likes": [2, 4]}}, {"model": "network.tweet", "pk": 42, "fields": {"user": 1, "content": "Hello everyone!", "timestamp": "2020-09-13T05:54:24.010Z", "likes": [2, 4]}}, {"model": "network.profile", "pk": 1, "fields": {"user": 1, "followers": [8]}}, {"model": "network.profile", "pk": 2, "fields": {"user": 2, "followers": [4, 6, 8]}}, {"model": "network.profile", "pk": 3, "fields": {"user": 3, "followers": [1, 2, 4, 5, 6, 7, 9, 10, 11]}}, {"model": "network.profile", "pk": 4, "fields": {"user": 4, "followers": [1, 2, 6, 10]}}, {"model": "network.profile", "pk": 5, "fields": {"user": 5, "followers": []}}, {"model": "network.profile", "pk": 6, "fields": {"user": 6, "followers": [5, 8]}}, {"model": "network.profile", "pk": 7, "fields": {"user": 7, "followers": [1, 5, 6, 9, 11]}}, {"model": "network.profile", "pk": 8, "fields": {"user": 8, "followers": [1, 11]}}, {"model": "network.profile", "pk": 9, "fields": {"user": 9, "followers": [1, 5, 11]}}, {"model": "network.profile", "pk": 10, "fields": {"user": 10, "followers": [2, 3, 4, 5]}}, {"model": "network.profile", "pk": 11, "fields": {"user": 11, "followers": [8]}}, {"model": "admin.logentry", "pk": 1, "fields": {"action_time": "2020-09-08T04:55:24.296Z", "user": 1, "content_type": 3, "object_id": "1", "object_repr": "Profile object (1)", "action_flag": 2, "change_message": "[{\"changed\": {\"fields\": [\"Followers\"]}}]"}}, {"model": "admin.logentry", "pk": 2, "fields": {"action_time": "2020-09-08T05:08:23.094Z", "user": 1, "content_type": 3, "object_id": "1", "object_repr": "Profile object (1)", "action_flag": 2, "change_message": "[]"}}, {"model": "admin.logentry", "pk": 3, "fields": {"action_time": "2020-09-08T05:08:30.192Z", "user": 1, "content_type": 3, "object_id": "1", "object_repr": "Profile object (1)", "action_flag": 2, "change_message": "[]"}}, {"model": "admin.logentry", "pk": 4, "fields": {"action_time": "2020-09-08T06:02:43.283Z", "user": 1, "content_type": 3, "object_id": "4", "object_repr": "Profile object (4)", "action_flag": 2, "change_message": "[{\"changed\": {\"fields\": [\"Followers\"]}}]"}}, {"model": "admin.logentry", "pk": 5, "fields": {"action_time": "2020-09-08T06:05:30.455Z", "user": 1, "content_type": 3, "object_id": "10", "object_repr": "Profile object (10)", "action_flag": 2, "change_message": "[{\"changed\": {\"fields\": [\"Followers\"]}}]"}}, {"model": "admin.logentry", "pk": 6, "fields": {"action_time": "2020-09-08T06:07:16.814Z", "user": 1, "content_type": 3, "object_id": "3", "object_repr": "Profile object (3)", "action_flag": 2, "change_message": "[{\"changed\": {\"fields\": [\"Followers\"]}}]"}}, {"model": "admin.logentry", "pk": 7, "fields": {"action_time": "2020-09-08T08:01:56.770Z", "user": 1, "content_type": 3, "object_id": "1", "object_repr": "Profile object (1)", "action_flag": 2, "change_message": "[{\"changed\": {\"fields\": [\"Followers\"]}}]"}}, {"model": "admin.logentry", "pk": 8, "fields": {"action_time": "2020-09-08T08:02:03.023Z", "user": 1, "content_type": 3, "object_id": "2", "object_repr": "Profile object (2)", "action_flag": 2, "change_message": "[]"}}, {"model": "admin.logentry", "pk": 9, "fields": {"action_time": "2020-09-08T08:02:26.486Z", "user": 1, "content_type": 3, "object_id": "3", "object_repr": "Profile object (3)", "action_flag": 2, "change_message": "[{\"changed\": {\"fields\": [\"Followers\"]}}]"}}, {"model": "admin.logentry", "pk": 10, "fields": {"action_time": "2020-09-08T08:02:30.484Z", "user": 1, "content_type": 3, "object_id": "3", "object_repr": "Profile object (3)", "action_flag": 2, "change_message": "[]"}}, {"model": "admin.logentry", "pk": 11, "fields": {"action_time": "2020-09-08T08:02:36.105Z", "user": 1, "content_type": 3, "object_id": "4", "object_repr": "Profile object (4)", "action_flag": 2, "change_message": "[{\"changed\": {\"fields\": [\"Followers\"]}}]"}}, {"model": "admin.logentry", "pk": 12, "fields": {"action_time": "2020-09-08T08:02:40.146Z", "user": 1, "content_type": 3, "object_id": "5", "object_repr": "Profile object (5)", "action_flag": 2, "change_message": "[]"}}, {"model": "admin.logentry", "pk": 13, "fields": {"action_time": "2020-09-08T08:02:43.994Z", "user": 1, "content_type": 3, "object_id": "6", "object_repr": "Profile object (6)", "action_flag": 2, "change_message": "[]"}}, {"model": "admin.logentry", "pk": 14, "fields": {"action_time": "2020-09-08T08:02:49.184Z", "user": 1, "content_type": 3, "object_id": "7", "object_repr": "Profile object (7)", "action_flag": 2, "change_message": "[]"}}, {"model": "admin.logentry", "pk": 15, "fields": {"action_time": "2020-09-08T08:02:53.801Z", "user": 1, "content_type": 3, "object_id": "8", "object_repr": "Profile object (8)", "action_flag": 2, "change_message": "[]"}}, {"model": "admin.logentry", "pk": 16, "fields": {"action_time": "2020-09-08T08:02:57.467Z", "user": 1, "content_type": 3, "object_id": "9", "object_repr": "Profile object (9)", "action_flag": 2, "change_message": "[]"}}, {"model": "admin.logentry", "pk": 17, "fields": {"action_time": "2020-09-08T08:03:01.830Z", "user": 1, "content_type": 3, "object_id": "10", "object_repr": "Profile object (10)", "action_flag": 2, "change_message": "[]"}}, {"model": "admin.logentry", "pk": 18, "fields": {"action_time": "2020-09-08T08:03:05.861Z", "user": 1, "content_type": 3, "object_id": "11", "object_repr": "Profile object (11)", "action_flag": 2, "change_message": "[]"}}, {"model": "admin.logentry", "pk": 19, "fields": {"action_time": "2020-09-08T08:03:35.191Z", "user": 1, "content_type": 3, "object_id": "1", "object_repr": "Profile object (1)", "action_flag": 2, "change_message": "[{\"changed\": {\"fields\": [\"Followers\"]}}]"}}, {"model": "admin.logentry", "pk": 20, "fields": {"action_time": "2020-09-12T14:09:30.445Z", "user": 1, "content_type": 2, "object_id": "36", "object_repr": ": posted by test2", "action_flag": 3, "change_message": ""}}, {"model": "admin.logentry", "pk": 21, "fields": {"action_time": "2020-09-12T14:12:05.488Z", "user": 1, "content_type": 2, "object_id": "37", "object_repr": ": posted by shrey", "action_flag": 3, "change_message": ""}}, {"model": "auth.permission", "pk": 1, "fields": {"name": "Can add user", "content_type": 1, "codename": "add_user"}}, {"model": "auth.permission", "pk": 2, "fields": {"name": "Can change user", "content_type": 1, "codename": "change_user"}}, {"model": "auth.permission", "pk": 3, "fields": {"name": "Can delete user", "content_type": 1, "codename": "delete_user"}}, {"model": "auth.permission", "pk": 4, "fields": {"name": "Can view user", "content_type": 1, "codename": "view_user"}}, {"model": "auth.permission", "pk": 5, "fields": {"name": "Can add tweet", "content_type": 2, "codename": "add_tweet"}}, {"model": "auth.permission", "pk": 6, "fields": {"name": "Can change tweet", "content_type": 2, "codename": "change_tweet"}}, {"model": "auth.permission", "pk": 7, "fields": {"name": "Can delete tweet", "content_type": 2, "codename": "delete_tweet"}}, {"model": "auth.permission", "pk": 8, "fields": {"name": "Can view tweet", "content_type": 2, "codename": "view_tweet"}}, {"model": "auth.permission", "pk": 9, "fields": {"name": "Can add profile", "content_type": 3, "codename": "add_profile"}}, {"model": "auth.permission", "pk": 10, "fields": {"name": "Can change profile", "content_type": 3, "codename": "change_profile"}}, {"model": "auth.permission", "pk": 11, "fields": {"name": "Can delete profile", "content_type": 3, "codename": "delete_profile"}}, {"model": "auth.permission", "pk": 12, "fields": {"name": "Can view profile", "content_type": 3, "codename": "view_profile"}}, {"model": "auth.permission", "pk": 13, "fields": {"name": "Can add follower relation", "content_type": 4, "codename": "add_followerrelation"}}, {"model": "auth.permission", "pk": 14, "fields": {"name": "Can change follower relation", "content_type": 4, "codename": "change_followerrelation"}}, {"model": "auth.permission", "pk": 15, "fields": {"name": "Can delete follower relation", "content_type": 4, "codename": "delete_followerrelation"}}, {"model": "auth.permission", "pk": 16, "fields": {"name": "Can view follower relation", "content_type": 4, "codename": "view_followerrelation"}}, {"model": "auth.permission", "pk": 17, "fields": {"name": "Can add permission", "content_type": 5, "codename": "add_permission"}}, {"model": "auth.permission", "pk": 18, "fields": {"name": "Can change permission", "content_type": 5, "codename": "change_permission"}}, {"model": "auth.permission", "pk": 19, "fields": {"name": "Can delete permission", "content_type": 5, "codename": "delete_permission"}}, {"model": "auth.permission", "pk": 20, "fields": {"name": "Can view permission", "content_type": 5, "codename": "view_permission"}}, {"model": "auth.permission", "pk": 21, "fields": {"name": "Can add group", "content_type": 6, "codename": "add_group"}}, {"model": "auth.permission", "pk": 22, "fields": {"name": "Can change group", "content_type": 6, "codename": "change_group"}}, {"model": "auth.permission", "pk": 23, "fields": {"name": "Can delete group", "content_type": 6, "codename": "delete_group"}}, {"model": "auth.permission", "pk": 24, "fields": {"name": "Can view group", "content_type": 6, "codename": "view_group"}}, {"model": "auth.permission", "pk": 25, "fields": {"name": "Can add content type", "content_type": 7, "codename": "add_contenttype"}}, {"model": "auth.permission", "pk": 26, "fields": {"name": "Can change content type", "content_type": 7, "codename": "change_contenttype"}}, {"model": "auth.permission", "pk": 27, "fields": {"name": "Can delete content type", "content_type": 7, "codename": "delete_contenttype"}}, {"model": "auth.permission", "pk": 28, "fields": {"name": "Can view content type", "content_type": 7, "codename": "view_contenttype"}}, {"model": "auth.permission", "pk": 29, "fields": {"name": "Can add log entry", "content_type": 8, "codename": "add_logentry"}}, {"model": "auth.permission", "pk": 30, "fields": {"name": "Can change log entry", "content_type": 8, "codename": "change_logentry"}}, {"model": "auth.permission", "pk": 31, "fields": {"name": "Can delete log entry", "content_type": 8, "codename": "delete_logentry"}}, {"model": "auth.permission", "pk": 32, "fields": {"name": "Can view log entry", "content_type": 8, "codename": "view_logentry"}}, {"model": "auth.permission", "pk": 33, "fields": {"name": "Can add session", "content_type": 9, "codename": "add_session"}}, {"model": "auth.permission", "pk": 34, "fields": {"name": "Can change session", "content_type": 9, "codename": "change_session"}}, {"model": "auth.permission", "pk": 35, "fields": {"name": "Can delete session", "content_type": 9, "codename": "delete_session"}}, {"model": "auth.permission", "pk": 36, "fields": {"name": "Can view session", "content_type": 9, "codename": "view_session"}}, {"model": "contenttypes.contenttype", "pk": 1, "fields": {"app_label": "network", "model": "user"}}, {"model": "contenttypes.contenttype", "pk": 2, "fields": {"app_label": "network", "model": "tweet"}}, {"model": "contenttypes.contenttype", "pk": 3, "fields": {"app_label": "network", "model": "profile"}}, {"model": "contenttypes.contenttype", "pk": 4, "fields": {"app_label": "network", "model": "followerrelation"}}, {"model": "contenttypes.contenttype", "pk": 5, "fields": {"app_label": "auth", "model": "permission"}}, {"model": "contenttypes.contenttype", "pk": 6, "fields": {"app_label": "auth", "model": "group"}}, {"model": "contenttypes.contenttype", "pk": 7, "fields": {"app_label": "contenttypes", "model": "contenttype"}}, {"model": "contenttypes.contenttype", "pk": 8, "fields": {"app_label": "admin", "model": "logentry"}}, {"model": "contenttypes.contenttype", "pk": 9, "fields": {"app_label": "sessions", "model": "session"}}, {"model": "sessions.session", "pk": "4lrvnrxqvhdccw3ooovgr1lxw7nkfdrt", "fields": {"session_data": ".eJxVjEEOwiAQRe_C2pBSpox16d4zkIEZpGogKe3KeHfbpAvd_vfefytP65L92mT2E6uL6tXpdwsUn1J2wA8q96pjLcs8Bb0r-qBN3yrL63q4fweZWt7qwDElZ4htNxJEcJFxsI5JkAUMwJnS6DaAJAasBQSinl2HKDYMSX2-CG84YQ:1kV9pE:t2t5UCC3cJKNi7eGX3p3nFXiMItSoFMZrBU-zFqKIOc", "expire_date": "2020-11-04T08:50:28.224Z"}}, {"model": "sessions.session", "pk": "wi3jse26cc7gonzu77z7c6vsoi7kcm40", "fields": {"session_data": ".eJxVjMsOwiAQRf-FtSEtjzK4dO83kIEZpGogKe3K-O_apAvd3nPOfYmA21rC1nkJM4mzGMXpd4uYHlx3QHestyZTq-syR7kr8qBdXhvx83K4fwcFe_nWwwjsvB8yArFVyuMEkRTYSbFxEJ3OKpFNyJzB-Uwms7FZs0GlwVjx_gDkTDgp:1kFW4x:_AbLrt6BoVyXAAbMW8bNxecPJ4Gs0Nu3ie_kGbHJlwk", "expire_date": "2020-09-22T05:22:03.428Z"}}, {"model": "sessions.session", "pk": "z76q3gb4icwc88ytckqz6rgxllhz39ut", "fields": {"session_data": ".eJxVjEEOwiAQRe_C2pBSpox16d4zkIEZpGogKe3KeHfbpAvd_vfefytP65L92mT2E6uL6tXpdwsUn1J2wA8q96pjLcs8Bb0r-qBN3yrL63q4fweZWt7qwDElZ4htNxJEcJFxsI5JkAUMwJnS6DaAJAasBQSinl2HKDYMSX2-CG84YQ:1kH4Ps:XPaUkjR4QN1-W2ik5qJJ2WSh7pb78KSSAEBzNy_Dcbg", "expire_date": "2020-09-26T12:14:04.339Z"}}, {"model": "sessions.session", "pk": "zcow00efhmlv3mqc83ervguuwqkjqeo9", "fields": {"session_data": ".eJxVjDsOwjAQRO_iGlnrbwwlPWew1t4NDiBbipMKcXcSKQVUI817M28RcV1KXDvPcSJxEVacfruE-cl1B_TAem8yt7rMU5K7Ig_a5a0Rv66H-3dQsJdt7SyORIaZzAhnZ8yQgSgox97qFJJXTnuTBtTBOhU0OQWYtjQAGqwSny_kRjb3:1kIUvG:AanytUUEf7LQkfZvVhCZRfpNfurMNn4PPbZ7R7GTzk4", "expire_date": "2020-09-30T10:44:22.979Z"}}]